Timestamp,What grade are you currently in?,Sex?  (As shown on birth certificate),If the elections for STUCO were today who would you vote for?
4/29/2018 22:25:05,10th,Male,"Neon (Viola Hernandez, Matias Montemayor, Nadia Fernandez, Joaquin Derby, Alejandro Torre, Maria Giacoman, Isa Fernandez, Vale Montalvo, Alonso Bustindui, Luisa Fernandez, Gonzalo Fernandez)"
4/29/2018 22:25:38,10th,Male,"Neon (Viola Hernandez, Matias Montemayor, Nadia Fernandez, Joaquin Derby, Alejandro Torre, Maria Giacoman, Isa Fernandez, Vale Montalvo, Alonso Bustindui, Luisa Fernandez, Gonzalo Fernandez)"
4/29/2018 22:25:42,10th,Male,"Red (Luis Santos, Valeria Loria, Esteban Gonzalez, Andrea Alarcon, Jose Luis Alonso, Eugenia Rodriguez, Valeria Quintana, Diego Cantú, René Martínez, Alec Iturria, Georgina Rivero, Isabel Zambrano)"
4/29/2018 22:25:43,10th,Male,"Red (Luis Santos, Valeria Loria, Esteban Gonzalez, Andrea Alarcon, Jose Luis Alonso, Eugenia Rodriguez, Valeria Quintana, Diego Cantú, René Martínez, Alec Iturria, Georgina Rivero, Isabel Zambrano)"
4/29/2018 22:26:05,10th,Female,"Neon (Viola Hernandez, Matias Montemayor, Nadia Fernandez, Joaquin Derby, Alejandro Torre, Maria Giacoman, Isa Fernandez, Vale Montalvo, Alonso Bustindui, Luisa Fernandez, Gonzalo Fernandez)"
4/29/2018 22:26:33,10th,Male,"Orange (Tania de la Garza, Andrea Newell, Arturo Gonzalez, Barbara Maiz, Gerardo Mireles, Daniel Mota, Francisco Santos, Jorge Avalos, Laura de la Garza, Regina Ramos, Sofia Rhon, Tadeo Garza)"
4/29/2018 22:26:40,10th,Female,"Red (Luis Santos, Valeria Loria, Esteban Gonzalez, Andrea Alarcon, Jose Luis Alonso, Eugenia Rodriguez, Valeria Quintana, Diego Cantú, René Martínez, Alec Iturria, Georgina Rivero, Isabel Zambrano)"
4/29/2018 22:27:11,10th,Female,"Neon (Viola Hernandez, Matias Montemayor, Nadia Fernandez, Joaquin Derby, Alejandro Torre, Maria Giacoman, Isa Fernandez, Vale Montalvo, Alonso Bustindui, Luisa Fernandez, Gonzalo Fernandez)"
4/29/2018 22:28:18,10th,Male,"Orange (Tania de la Garza, Andrea Newell, Arturo Gonzalez, Barbara Maiz, Gerardo Mireles, Daniel Mota, Francisco Santos, Jorge Avalos, Laura de la Garza, Regina Ramos, Sofia Rhon, Tadeo Garza)"
4/29/2018 22:29:49,10th,Female,"Orange (Tania de la Garza, Andrea Newell, Arturo Gonzalez, Barbara Maiz, Gerardo Mireles, Daniel Mota, Francisco Santos, Jorge Avalos, Laura de la Garza, Regina Ramos, Sofia Rhon, Tadeo Garza)"
4/29/2018 22:31:46,10th,Female,"Red (Luis Santos, Valeria Loria, Esteban Gonzalez, Andrea Alarcon, Jose Luis Alonso, Eugenia Rodriguez, Valeria Quintana, Diego Cantú, René Martínez, Alec Iturria, Georgina Rivero, Isabel Zambrano)"
4/29/2018 22:32:30,10th,Male,"Orange (Tania de la Garza, Andrea Newell, Arturo Gonzalez, Barbara Maiz, Gerardo Mireles, Daniel Mota, Francisco Santos, Jorge Avalos, Laura de la Garza, Regina Ramos, Sofia Rhon, Tadeo Garza)"
4/29/2018 22:34:09,10th,Female,"Orange (Tania de la Garza, Andrea Newell, Arturo Gonzalez, Barbara Maiz, Gerardo Mireles, Daniel Mota, Francisco Santos, Jorge Avalos, Laura de la Garza, Regina Ramos, Sofia Rhon, Tadeo Garza)"
4/29/2018 22:36:37,10th,Male,"Red (Luis Santos, Valeria Loria, Esteban Gonzalez, Andrea Alarcon, Jose Luis Alonso, Eugenia Rodriguez, Valeria Quintana, Diego Cantú, René Martínez, Alec Iturria, Georgina Rivero, Isabel Zambrano)"
4/29/2018 22:40:41,10th,Male,"Orange (Tania de la Garza, Andrea Newell, Arturo Gonzalez, Barbara Maiz, Gerardo Mireles, Daniel Mota, Francisco Santos, Jorge Avalos, Laura de la Garza, Regina Ramos, Sofia Rhon, Tadeo Garza)"
4/29/2018 22:41:27,10th,Female,"Neon (Viola Hernandez, Matias Montemayor, Nadia Fernandez, Joaquin Derby, Alejandro Torre, Maria Giacoman, Isa Fernandez, Vale Montalvo, Alonso Bustindui, Luisa Fernandez, Gonzalo Fernandez)"
4/29/2018 22:44:01,10th,Female,"Neon (Viola Hernandez, Matias Montemayor, Nadia Fernandez, Joaquin Derby, Alejandro Torre, Maria Giacoman, Isa Fernandez, Vale Montalvo, Alonso Bustindui, Luisa Fernandez, Gonzalo Fernandez)"
4/29/2018 22:45:07,10th,Female,"Neon (Viola Hernandez, Matias Montemayor, Nadia Fernandez, Joaquin Derby, Alejandro Torre, Maria Giacoman, Isa Fernandez, Vale Montalvo, Alonso Bustindui, Luisa Fernandez, Gonzalo Fernandez)"
4/29/2018 22:48:30,10th,Male,"Red (Luis Santos, Valeria Loria, Esteban Gonzalez, Andrea Alarcon, Jose Luis Alonso, Eugenia Rodriguez, Valeria Quintana, Diego Cantú, René Martínez, Alec Iturria, Georgina Rivero, Isabel Zambrano)"
4/29/2018 22:49:13,10th,Female,"Red (Luis Santos, Valeria Loria, Esteban Gonzalez, Andrea Alarcon, Jose Luis Alonso, Eugenia Rodriguez, Valeria Quintana, Diego Cantú, René Martínez, Alec Iturria, Georgina Rivero, Isabel Zambrano)"
4/29/2018 22:50:37,10th,Male,"Neon (Viola Hernandez, Matias Montemayor, Nadia Fernandez, Joaquin Derby, Alejandro Torre, Maria Giacoman, Isa Fernandez, Vale Montalvo, Alonso Bustindui, Luisa Fernandez, Gonzalo Fernandez)"
4/29/2018 23:00:40,10th,Male,"Neon (Viola Hernandez, Matias Montemayor, Nadia Fernandez, Joaquin Derby, Alejandro Torre, Maria Giacoman, Isa Fernandez, Vale Montalvo, Alonso Bustindui, Luisa Fernandez, Gonzalo Fernandez)"
4/29/2018 23:03:57,10th,Male,"Neon (Viola Hernandez, Matias Montemayor, Nadia Fernandez, Joaquin Derby, Alejandro Torre, Maria Giacoman, Isa Fernandez, Vale Montalvo, Alonso Bustindui, Luisa Fernandez, Gonzalo Fernandez)"
4/29/2018 23:07:04,10th,Female,"Neon (Viola Hernandez, Matias Montemayor, Nadia Fernandez, Joaquin Derby, Alejandro Torre, Maria Giacoman, Isa Fernandez, Vale Montalvo, Alonso Bustindui, Luisa Fernandez, Gonzalo Fernandez)"
4/29/2018 23:26:48,10th,Female,"Red (Luis Santos, Valeria Loria, Esteban Gonzalez, Andrea Alarcon, Jose Luis Alonso, Eugenia Rodriguez, Valeria Quintana, Diego Cantú, René Martínez, Alec Iturria, Georgina Rivero, Isabel Zambrano)"
4/29/2018 23:31:17,10th,Female,"Neon (Viola Hernandez, Matias Montemayor, Nadia Fernandez, Joaquin Derby, Alejandro Torre, Maria Giacoman, Isa Fernandez, Vale Montalvo, Alonso Bustindui, Luisa Fernandez, Gonzalo Fernandez)"
4/29/2018 23:38:36,10th,Female,"Red (Luis Santos, Valeria Loria, Esteban Gonzalez, Andrea Alarcon, Jose Luis Alonso, Eugenia Rodriguez, Valeria Quintana, Diego Cantú, René Martínez, Alec Iturria, Georgina Rivero, Isabel Zambrano)"
4/29/2018 23:44:41,10th,Male,"Neon (Viola Hernandez, Matias Montemayor, Nadia Fernandez, Joaquin Derby, Alejandro Torre, Maria Giacoman, Isa Fernandez, Vale Montalvo, Alonso Bustindui, Luisa Fernandez, Gonzalo Fernandez)"
4/29/2018 23:54:21,10th,Male,"Orange (Tania de la Garza, Andrea Newell, Arturo Gonzalez, Barbara Maiz, Gerardo Mireles, Daniel Mota, Francisco Santos, Jorge Avalos, Laura de la Garza, Regina Ramos, Sofia Rhon, Tadeo Garza)"
4/30/2018 0:09:32,10th,Male,"Orange (Tania de la Garza, Andrea Newell, Arturo Gonzalez, Barbara Maiz, Gerardo Mireles, Daniel Mota, Francisco Santos, Jorge Avalos, Laura de la Garza, Regina Ramos, Sofia Rhon, Tadeo Garza)"
4/30/2018 0:11:01,10th,Female,"Neon (Viola Hernandez, Matias Montemayor, Nadia Fernandez, Joaquin Derby, Alejandro Torre, Maria Giacoman, Isa Fernandez, Vale Montalvo, Alonso Bustindui, Luisa Fernandez, Gonzalo Fernandez)"
4/30/2018 6:42:54,10th,Male,"Neon (Viola Hernandez, Matias Montemayor, Nadia Fernandez, Joaquin Derby, Alejandro Torre, Maria Giacoman, Isa Fernandez, Vale Montalvo, Alonso Bustindui, Luisa Fernandez, Gonzalo Fernandez)"
4/30/2018 7:11:20,10th,Male,"Red (Luis Santos, Valeria Loria, Esteban Gonzalez, Andrea Alarcon, Jose Luis Alonso, Eugenia Rodriguez, Valeria Quintana, Diego Cantú, René Martínez, Alec Iturria, Georgina Rivero, Isabel Zambrano)"
4/30/2018 7:12:50,10th,Male,"Orange (Tania de la Garza, Andrea Newell, Arturo Gonzalez, Barbara Maiz, Gerardo Mireles, Daniel Mota, Francisco Santos, Jorge Avalos, Laura de la Garza, Regina Ramos, Sofia Rhon, Tadeo Garza)"
4/30/2018 7:28:13,10th,Male,"Neon (Viola Hernandez, Matias Montemayor, Nadia Fernandez, Joaquin Derby, Alejandro Torre, Maria Giacoman, Isa Fernandez, Vale Montalvo, Alonso Bustindui, Luisa Fernandez, Gonzalo Fernandez)"
4/29/2018 22:18:50,11th,Female,"Red (Luis Santos, Valeria Loria, Esteban Gonzalez, Andrea Alarcon, Jose Luis Alonso, Eugenia Rodriguez, Valeria Quintana, Diego Cantú, René Martínez, Alec Iturria, Georgina Rivero, Isabel Zambrano)"
4/29/2018 22:19:10,11th,Female,"Orange (Tania de la Garza, Andrea Newell, Arturo Gonzalez, Barbara Maiz, Gerardo Mireles, Daniel Mota, Francisco Santos, Jorge Avalos, Laura de la Garza, Regina Ramos, Sofia Rhon, Tadeo Garza)"
4/29/2018 22:19:17,11th,Male,"Red (Luis Santos, Valeria Loria, Esteban Gonzalez, Andrea Alarcon, Jose Luis Alonso, Eugenia Rodriguez, Valeria Quintana, Diego Cantú, René Martínez, Alec Iturria, Georgina Rivero, Isabel Zambrano)"
4/29/2018 22:19:37,11th,Male,"Red (Luis Santos, Valeria Loria, Esteban Gonzalez, Andrea Alarcon, Jose Luis Alonso, Eugenia Rodriguez, Valeria Quintana, Diego Cantú, René Martínez, Alec Iturria, Georgina Rivero, Isabel Zambrano)"
4/29/2018 22:19:46,11th,Male,"Neon (Viola Hernandez, Matias Montemayor, Nadia Fernandez, Joaquin Derby, Alejandro Torre, Maria Giacoman, Isa Fernandez, Vale Montalvo, Alonso Bustindui, Luisa Fernandez, Gonzalo Fernandez)"
4/29/2018 22:21:30,11th,Male,"Red (Luis Santos, Valeria Loria, Esteban Gonzalez, Andrea Alarcon, Jose Luis Alonso, Eugenia Rodriguez, Valeria Quintana, Diego Cantú, René Martínez, Alec Iturria, Georgina Rivero, Isabel Zambrano)"
4/29/2018 22:21:32,11th,Female,"Neon (Viola Hernandez, Matias Montemayor, Nadia Fernandez, Joaquin Derby, Alejandro Torre, Maria Giacoman, Isa Fernandez, Vale Montalvo, Alonso Bustindui, Luisa Fernandez, Gonzalo Fernandez)"
4/29/2018 22:22:22,11th,Female,"Red (Luis Santos, Valeria Loria, Esteban Gonzalez, Andrea Alarcon, Jose Luis Alonso, Eugenia Rodriguez, Valeria Quintana, Diego Cantú, René Martínez, Alec Iturria, Georgina Rivero, Isabel Zambrano)"
4/29/2018 22:22:36,11th,Male,"Neon (Viola Hernandez, Matias Montemayor, Nadia Fernandez, Joaquin Derby, Alejandro Torre, Maria Giacoman, Isa Fernandez, Vale Montalvo, Alonso Bustindui, Luisa Fernandez, Gonzalo Fernandez)"
4/29/2018 22:23:17,11th,Male,"Red (Luis Santos, Valeria Loria, Esteban Gonzalez, Andrea Alarcon, Jose Luis Alonso, Eugenia Rodriguez, Valeria Quintana, Diego Cantú, René Martínez, Alec Iturria, Georgina Rivero, Isabel Zambrano)"
4/29/2018 22:23:38,11th,Male,"Red (Luis Santos, Valeria Loria, Esteban Gonzalez, Andrea Alarcon, Jose Luis Alonso, Eugenia Rodriguez, Valeria Quintana, Diego Cantú, René Martínez, Alec Iturria, Georgina Rivero, Isabel Zambrano)"
4/29/2018 22:24:51,11th,Female,"Neon (Viola Hernandez, Matias Montemayor, Nadia Fernandez, Joaquin Derby, Alejandro Torre, Maria Giacoman, Isa Fernandez, Vale Montalvo, Alonso Bustindui, Luisa Fernandez, Gonzalo Fernandez)"
4/29/2018 22:25:32,11th,Female,"Orange (Tania de la Garza, Andrea Newell, Arturo Gonzalez, Barbara Maiz, Gerardo Mireles, Daniel Mota, Francisco Santos, Jorge Avalos, Laura de la Garza, Regina Ramos, Sofia Rhon, Tadeo Garza)"
4/29/2018 22:25:47,11th,Female,"Red (Luis Santos, Valeria Loria, Esteban Gonzalez, Andrea Alarcon, Jose Luis Alonso, Eugenia Rodriguez, Valeria Quintana, Diego Cantú, René Martínez, Alec Iturria, Georgina Rivero, Isabel Zambrano)"
4/29/2018 22:25:53,11th,Male,"Red (Luis Santos, Valeria Loria, Esteban Gonzalez, Andrea Alarcon, Jose Luis Alonso, Eugenia Rodriguez, Valeria Quintana, Diego Cantú, René Martínez, Alec Iturria, Georgina Rivero, Isabel Zambrano)"
4/29/2018 22:26:54,11th,Female,"Red (Luis Santos, Valeria Loria, Esteban Gonzalez, Andrea Alarcon, Jose Luis Alonso, Eugenia Rodriguez, Valeria Quintana, Diego Cantú, René Martínez, Alec Iturria, Georgina Rivero, Isabel Zambrano)"
4/29/2018 22:34:28,11th,Male,"Orange (Tania de la Garza, Andrea Newell, Arturo Gonzalez, Barbara Maiz, Gerardo Mireles, Daniel Mota, Francisco Santos, Jorge Avalos, Laura de la Garza, Regina Ramos, Sofia Rhon, Tadeo Garza)"
4/29/2018 22:34:35,11th,Female,"Orange (Tania de la Garza, Andrea Newell, Arturo Gonzalez, Barbara Maiz, Gerardo Mireles, Daniel Mota, Francisco Santos, Jorge Avalos, Laura de la Garza, Regina Ramos, Sofia Rhon, Tadeo Garza)"
4/29/2018 22:34:36,11th,Female,"Red (Luis Santos, Valeria Loria, Esteban Gonzalez, Andrea Alarcon, Jose Luis Alonso, Eugenia Rodriguez, Valeria Quintana, Diego Cantú, René Martínez, Alec Iturria, Georgina Rivero, Isabel Zambrano)"
4/29/2018 22:34:37,11th,Male,"Red (Luis Santos, Valeria Loria, Esteban Gonzalez, Andrea Alarcon, Jose Luis Alonso, Eugenia Rodriguez, Valeria Quintana, Diego Cantú, René Martínez, Alec Iturria, Georgina Rivero, Isabel Zambrano)"
4/29/2018 22:35:02,11th,Female,"Neon (Viola Hernandez, Matias Montemayor, Nadia Fernandez, Joaquin Derby, Alejandro Torre, Maria Giacoman, Isa Fernandez, Vale Montalvo, Alonso Bustindui, Luisa Fernandez, Gonzalo Fernandez)"
4/29/2018 22:35:12,11th,Male,"Orange (Tania de la Garza, Andrea Newell, Arturo Gonzalez, Barbara Maiz, Gerardo Mireles, Daniel Mota, Francisco Santos, Jorge Avalos, Laura de la Garza, Regina Ramos, Sofia Rhon, Tadeo Garza)"
4/29/2018 22:35:17,11th,Male,"Red (Luis Santos, Valeria Loria, Esteban Gonzalez, Andrea Alarcon, Jose Luis Alonso, Eugenia Rodriguez, Valeria Quintana, Diego Cantú, René Martínez, Alec Iturria, Georgina Rivero, Isabel Zambrano)"
4/29/2018 22:35:48,11th,Male,"Orange (Tania de la Garza, Andrea Newell, Arturo Gonzalez, Barbara Maiz, Gerardo Mireles, Daniel Mota, Francisco Santos, Jorge Avalos, Laura de la Garza, Regina Ramos, Sofia Rhon, Tadeo Garza)"
4/29/2018 22:36:06,11th,Female,"Red (Luis Santos, Valeria Loria, Esteban Gonzalez, Andrea Alarcon, Jose Luis Alonso, Eugenia Rodriguez, Valeria Quintana, Diego Cantú, René Martínez, Alec Iturria, Georgina Rivero, Isabel Zambrano)"
4/29/2018 22:37:27,11th,Female,"Red (Luis Santos, Valeria Loria, Esteban Gonzalez, Andrea Alarcon, Jose Luis Alonso, Eugenia Rodriguez, Valeria Quintana, Diego Cantú, René Martínez, Alec Iturria, Georgina Rivero, Isabel Zambrano)"
4/29/2018 22:37:49,11th,Male,"Red (Luis Santos, Valeria Loria, Esteban Gonzalez, Andrea Alarcon, Jose Luis Alonso, Eugenia Rodriguez, Valeria Quintana, Diego Cantú, René Martínez, Alec Iturria, Georgina Rivero, Isabel Zambrano)"
4/29/2018 22:41:14,11th,Male,"Red (Luis Santos, Valeria Loria, Esteban Gonzalez, Andrea Alarcon, Jose Luis Alonso, Eugenia Rodriguez, Valeria Quintana, Diego Cantú, René Martínez, Alec Iturria, Georgina Rivero, Isabel Zambrano)"
4/29/2018 22:41:25,11th,Female,"Neon (Viola Hernandez, Matias Montemayor, Nadia Fernandez, Joaquin Derby, Alejandro Torre, Maria Giacoman, Isa Fernandez, Vale Montalvo, Alonso Bustindui, Luisa Fernandez, Gonzalo Fernandez)"
4/29/2018 22:42:25,11th,Male,"Red (Luis Santos, Valeria Loria, Esteban Gonzalez, Andrea Alarcon, Jose Luis Alonso, Eugenia Rodriguez, Valeria Quintana, Diego Cantú, René Martínez, Alec Iturria, Georgina Rivero, Isabel Zambrano)"
4/29/2018 22:43:48,11th,Female,"Neon (Viola Hernandez, Matias Montemayor, Nadia Fernandez, Joaquin Derby, Alejandro Torre, Maria Giacoman, Isa Fernandez, Vale Montalvo, Alonso Bustindui, Luisa Fernandez, Gonzalo Fernandez)"
4/29/2018 22:44:09,11th,Male,"Red (Luis Santos, Valeria Loria, Esteban Gonzalez, Andrea Alarcon, Jose Luis Alonso, Eugenia Rodriguez, Valeria Quintana, Diego Cantú, René Martínez, Alec Iturria, Georgina Rivero, Isabel Zambrano)"
4/29/2018 22:45:40,11th,Male,"Red (Luis Santos, Valeria Loria, Esteban Gonzalez, Andrea Alarcon, Jose Luis Alonso, Eugenia Rodriguez, Valeria Quintana, Diego Cantú, René Martínez, Alec Iturria, Georgina Rivero, Isabel Zambrano)"
4/29/2018 22:46:27,11th,Female,"Red (Luis Santos, Valeria Loria, Esteban Gonzalez, Andrea Alarcon, Jose Luis Alonso, Eugenia Rodriguez, Valeria Quintana, Diego Cantú, René Martínez, Alec Iturria, Georgina Rivero, Isabel Zambrano)"
4/29/2018 22:48:57,11th,Male,"Red (Luis Santos, Valeria Loria, Esteban Gonzalez, Andrea Alarcon, Jose Luis Alonso, Eugenia Rodriguez, Valeria Quintana, Diego Cantú, René Martínez, Alec Iturria, Georgina Rivero, Isabel Zambrano)"
4/29/2018 22:50:08,11th,Male,"Orange (Tania de la Garza, Andrea Newell, Arturo Gonzalez, Barbara Maiz, Gerardo Mireles, Daniel Mota, Francisco Santos, Jorge Avalos, Laura de la Garza, Regina Ramos, Sofia Rhon, Tadeo Garza)"
4/29/2018 22:53:36,11th,Male,"Orange (Tania de la Garza, Andrea Newell, Arturo Gonzalez, Barbara Maiz, Gerardo Mireles, Daniel Mota, Francisco Santos, Jorge Avalos, Laura de la Garza, Regina Ramos, Sofia Rhon, Tadeo Garza)"
4/29/2018 22:56:09,11th,Female,"Orange (Tania de la Garza, Andrea Newell, Arturo Gonzalez, Barbara Maiz, Gerardo Mireles, Daniel Mota, Francisco Santos, Jorge Avalos, Laura de la Garza, Regina Ramos, Sofia Rhon, Tadeo Garza)"
4/29/2018 22:57:52,11th,Female,"Red (Luis Santos, Valeria Loria, Esteban Gonzalez, Andrea Alarcon, Jose Luis Alonso, Eugenia Rodriguez, Valeria Quintana, Diego Cantú, René Martínez, Alec Iturria, Georgina Rivero, Isabel Zambrano)"
4/29/2018 23:02:11,11th,Male,"Red (Luis Santos, Valeria Loria, Esteban Gonzalez, Andrea Alarcon, Jose Luis Alonso, Eugenia Rodriguez, Valeria Quintana, Diego Cantú, René Martínez, Alec Iturria, Georgina Rivero, Isabel Zambrano)"
4/29/2018 23:04:38,11th,Male,"Red (Luis Santos, Valeria Loria, Esteban Gonzalez, Andrea Alarcon, Jose Luis Alonso, Eugenia Rodriguez, Valeria Quintana, Diego Cantú, René Martínez, Alec Iturria, Georgina Rivero, Isabel Zambrano)"
4/29/2018 23:06:28,11th,Male,"Red (Luis Santos, Valeria Loria, Esteban Gonzalez, Andrea Alarcon, Jose Luis Alonso, Eugenia Rodriguez, Valeria Quintana, Diego Cantú, René Martínez, Alec Iturria, Georgina Rivero, Isabel Zambrano)"
4/29/2018 23:18:26,11th,Female,"Orange (Tania de la Garza, Andrea Newell, Arturo Gonzalez, Barbara Maiz, Gerardo Mireles, Daniel Mota, Francisco Santos, Jorge Avalos, Laura de la Garza, Regina Ramos, Sofia Rhon, Tadeo Garza)"
4/29/2018 23:22:31,11th,Female,"Red (Luis Santos, Valeria Loria, Esteban Gonzalez, Andrea Alarcon, Jose Luis Alonso, Eugenia Rodriguez, Valeria Quintana, Diego Cantú, René Martínez, Alec Iturria, Georgina Rivero, Isabel Zambrano)"
4/29/2018 23:27:30,11th,Male,"Red (Luis Santos, Valeria Loria, Esteban Gonzalez, Andrea Alarcon, Jose Luis Alonso, Eugenia Rodriguez, Valeria Quintana, Diego Cantú, René Martínez, Alec Iturria, Georgina Rivero, Isabel Zambrano)"
4/30/2018 6:25:01,11th,Male,"Orange (Tania de la Garza, Andrea Newell, Arturo Gonzalez, Barbara Maiz, Gerardo Mireles, Daniel Mota, Francisco Santos, Jorge Avalos, Laura de la Garza, Regina Ramos, Sofia Rhon, Tadeo Garza)"
4/30/2018 6:57:30,11th,Male,"Neon (Viola Hernandez, Matias Montemayor, Nadia Fernandez, Joaquin Derby, Alejandro Torre, Maria Giacoman, Isa Fernandez, Vale Montalvo, Alonso Bustindui, Luisa Fernandez, Gonzalo Fernandez)"
4/30/2018 7:29:39,11th,Male,"Red (Luis Santos, Valeria Loria, Esteban Gonzalez, Andrea Alarcon, Jose Luis Alonso, Eugenia Rodriguez, Valeria Quintana, Diego Cantú, René Martínez, Alec Iturria, Georgina Rivero, Isabel Zambrano)"
4/29/2018 22:26:09,8th,Male,"Neon (Viola Hernandez, Matias Montemayor, Nadia Fernandez, Joaquin Derby, Alejandro Torre, Maria Giacoman, Isa Fernandez, Vale Montalvo, Alonso Bustindui, Luisa Fernandez, Gonzalo Fernandez)"
4/29/2018 22:37:58,8th,Female,"Red (Luis Santos, Valeria Loria, Esteban Gonzalez, Andrea Alarcon, Jose Luis Alonso, Eugenia Rodriguez, Valeria Quintana, Diego Cantú, René Martínez, Alec Iturria, Georgina Rivero, Isabel Zambrano)"
4/29/2018 22:39:11,8th,Male,"Orange (Tania de la Garza, Andrea Newell, Arturo Gonzalez, Barbara Maiz, Gerardo Mireles, Daniel Mota, Francisco Santos, Jorge Avalos, Laura de la Garza, Regina Ramos, Sofia Rhon, Tadeo Garza)"
4/29/2018 22:39:22,8th,Female,"Red (Luis Santos, Valeria Loria, Esteban Gonzalez, Andrea Alarcon, Jose Luis Alonso, Eugenia Rodriguez, Valeria Quintana, Diego Cantú, René Martínez, Alec Iturria, Georgina Rivero, Isabel Zambrano)"
4/29/2018 22:39:45,8th,Female,"Orange (Tania de la Garza, Andrea Newell, Arturo Gonzalez, Barbara Maiz, Gerardo Mireles, Daniel Mota, Francisco Santos, Jorge Avalos, Laura de la Garza, Regina Ramos, Sofia Rhon, Tadeo Garza)"
4/29/2018 22:40:20,8th,Female,"Orange (Tania de la Garza, Andrea Newell, Arturo Gonzalez, Barbara Maiz, Gerardo Mireles, Daniel Mota, Francisco Santos, Jorge Avalos, Laura de la Garza, Regina Ramos, Sofia Rhon, Tadeo Garza)"
4/29/2018 22:40:45,8th,Female,"Red (Luis Santos, Valeria Loria, Esteban Gonzalez, Andrea Alarcon, Jose Luis Alonso, Eugenia Rodriguez, Valeria Quintana, Diego Cantú, René Martínez, Alec Iturria, Georgina Rivero, Isabel Zambrano)"
4/29/2018 22:41:03,8th,Male,"Neon (Viola Hernandez, Matias Montemayor, Nadia Fernandez, Joaquin Derby, Alejandro Torre, Maria Giacoman, Isa Fernandez, Vale Montalvo, Alonso Bustindui, Luisa Fernandez, Gonzalo Fernandez)"
4/29/2018 22:42:36,8th,Female,"Red (Luis Santos, Valeria Loria, Esteban Gonzalez, Andrea Alarcon, Jose Luis Alonso, Eugenia Rodriguez, Valeria Quintana, Diego Cantú, René Martínez, Alec Iturria, Georgina Rivero, Isabel Zambrano)"
4/29/2018 22:49:23,8th,Female,"Neon (Viola Hernandez, Matias Montemayor, Nadia Fernandez, Joaquin Derby, Alejandro Torre, Maria Giacoman, Isa Fernandez, Vale Montalvo, Alonso Bustindui, Luisa Fernandez, Gonzalo Fernandez)"
4/29/2018 22:50:39,8th,Male,"Red (Luis Santos, Valeria Loria, Esteban Gonzalez, Andrea Alarcon, Jose Luis Alonso, Eugenia Rodriguez, Valeria Quintana, Diego Cantú, René Martínez, Alec Iturria, Georgina Rivero, Isabel Zambrano)"
4/29/2018 22:59:25,8th,Female,"Orange (Tania de la Garza, Andrea Newell, Arturo Gonzalez, Barbara Maiz, Gerardo Mireles, Daniel Mota, Francisco Santos, Jorge Avalos, Laura de la Garza, Regina Ramos, Sofia Rhon, Tadeo Garza)"
4/29/2018 23:03:50,8th,Female,"Red (Luis Santos, Valeria Loria, Esteban Gonzalez, Andrea Alarcon, Jose Luis Alonso, Eugenia Rodriguez, Valeria Quintana, Diego Cantú, René Martínez, Alec Iturria, Georgina Rivero, Isabel Zambrano)"
4/29/2018 23:05:34,8th,Female,"Orange (Tania de la Garza, Andrea Newell, Arturo Gonzalez, Barbara Maiz, Gerardo Mireles, Daniel Mota, Francisco Santos, Jorge Avalos, Laura de la Garza, Regina Ramos, Sofia Rhon, Tadeo Garza)"
4/29/2018 23:14:01,8th,Male,"Red (Luis Santos, Valeria Loria, Esteban Gonzalez, Andrea Alarcon, Jose Luis Alonso, Eugenia Rodriguez, Valeria Quintana, Diego Cantú, René Martínez, Alec Iturria, Georgina Rivero, Isabel Zambrano)"
4/29/2018 23:17:55,8th,Female,"Red (Luis Santos, Valeria Loria, Esteban Gonzalez, Andrea Alarcon, Jose Luis Alonso, Eugenia Rodriguez, Valeria Quintana, Diego Cantú, René Martínez, Alec Iturria, Georgina Rivero, Isabel Zambrano)"
4/29/2018 23:51:57,8th,Female,"Red (Luis Santos, Valeria Loria, Esteban Gonzalez, Andrea Alarcon, Jose Luis Alonso, Eugenia Rodriguez, Valeria Quintana, Diego Cantú, René Martínez, Alec Iturria, Georgina Rivero, Isabel Zambrano)"
4/29/2018 22:26:16,9th,Male,"Neon (Viola Hernandez, Matias Montemayor, Nadia Fernandez, Joaquin Derby, Alejandro Torre, Maria Giacoman, Isa Fernandez, Vale Montalvo, Alonso Bustindui, Luisa Fernandez, Gonzalo Fernandez)"
4/29/2018 22:36:44,9th,Male,"Neon (Viola Hernandez, Matias Montemayor, Nadia Fernandez, Joaquin Derby, Alejandro Torre, Maria Giacoman, Isa Fernandez, Vale Montalvo, Alonso Bustindui, Luisa Fernandez, Gonzalo Fernandez)"
4/29/2018 22:36:53,9th,Female,"Neon (Viola Hernandez, Matias Montemayor, Nadia Fernandez, Joaquin Derby, Alejandro Torre, Maria Giacoman, Isa Fernandez, Vale Montalvo, Alonso Bustindui, Luisa Fernandez, Gonzalo Fernandez)"
4/29/2018 22:36:54,9th,Female,"Orange (Tania de la Garza, Andrea Newell, Arturo Gonzalez, Barbara Maiz, Gerardo Mireles, Daniel Mota, Francisco Santos, Jorge Avalos, Laura de la Garza, Regina Ramos, Sofia Rhon, Tadeo Garza)"
4/29/2018 22:38:45,9th,Male,"Red (Luis Santos, Valeria Loria, Esteban Gonzalez, Andrea Alarcon, Jose Luis Alonso, Eugenia Rodriguez, Valeria Quintana, Diego Cantú, René Martínez, Alec Iturria, Georgina Rivero, Isabel Zambrano)"
4/29/2018 22:39:12,9th,Female,"Orange (Tania de la Garza, Andrea Newell, Arturo Gonzalez, Barbara Maiz, Gerardo Mireles, Daniel Mota, Francisco Santos, Jorge Avalos, Laura de la Garza, Regina Ramos, Sofia Rhon, Tadeo Garza)"
4/29/2018 22:41:47,9th,Female,"Red (Luis Santos, Valeria Loria, Esteban Gonzalez, Andrea Alarcon, Jose Luis Alonso, Eugenia Rodriguez, Valeria Quintana, Diego Cantú, René Martínez, Alec Iturria, Georgina Rivero, Isabel Zambrano)"
4/29/2018 22:45:24,9th,Male,"Orange (Tania de la Garza, Andrea Newell, Arturo Gonzalez, Barbara Maiz, Gerardo Mireles, Daniel Mota, Francisco Santos, Jorge Avalos, Laura de la Garza, Regina Ramos, Sofia Rhon, Tadeo Garza)"
4/29/2018 22:45:46,9th,Female,"Neon (Viola Hernandez, Matias Montemayor, Nadia Fernandez, Joaquin Derby, Alejandro Torre, Maria Giacoman, Isa Fernandez, Vale Montalvo, Alonso Bustindui, Luisa Fernandez, Gonzalo Fernandez)"
4/29/2018 22:47:51,9th,Female,"Red (Luis Santos, Valeria Loria, Esteban Gonzalez, Andrea Alarcon, Jose Luis Alonso, Eugenia Rodriguez, Valeria Quintana, Diego Cantú, René Martínez, Alec Iturria, Georgina Rivero, Isabel Zambrano)"
4/29/2018 22:48:32,9th,Male,"Red (Luis Santos, Valeria Loria, Esteban Gonzalez, Andrea Alarcon, Jose Luis Alonso, Eugenia Rodriguez, Valeria Quintana, Diego Cantú, René Martínez, Alec Iturria, Georgina Rivero, Isabel Zambrano)"
4/29/2018 22:48:38,9th,Female,"Neon (Viola Hernandez, Matias Montemayor, Nadia Fernandez, Joaquin Derby, Alejandro Torre, Maria Giacoman, Isa Fernandez, Vale Montalvo, Alonso Bustindui, Luisa Fernandez, Gonzalo Fernandez)"
4/29/2018 22:50:12,9th,Female,"Neon (Viola Hernandez, Matias Montemayor, Nadia Fernandez, Joaquin Derby, Alejandro Torre, Maria Giacoman, Isa Fernandez, Vale Montalvo, Alonso Bustindui, Luisa Fernandez, Gonzalo Fernandez)"
4/29/2018 22:50:43,9th,Male,"Neon (Viola Hernandez, Matias Montemayor, Nadia Fernandez, Joaquin Derby, Alejandro Torre, Maria Giacoman, Isa Fernandez, Vale Montalvo, Alonso Bustindui, Luisa Fernandez, Gonzalo Fernandez)"
4/29/2018 22:52:25,9th,Female,"Orange (Tania de la Garza, Andrea Newell, Arturo Gonzalez, Barbara Maiz, Gerardo Mireles, Daniel Mota, Francisco Santos, Jorge Avalos, Laura de la Garza, Regina Ramos, Sofia Rhon, Tadeo Garza)"
4/29/2018 22:56:11,9th,Male,"Neon (Viola Hernandez, Matias Montemayor, Nadia Fernandez, Joaquin Derby, Alejandro Torre, Maria Giacoman, Isa Fernandez, Vale Montalvo, Alonso Bustindui, Luisa Fernandez, Gonzalo Fernandez)"
4/29/2018 22:56:37,9th,Female,"Orange (Tania de la Garza, Andrea Newell, Arturo Gonzalez, Barbara Maiz, Gerardo Mireles, Daniel Mota, Francisco Santos, Jorge Avalos, Laura de la Garza, Regina Ramos, Sofia Rhon, Tadeo Garza)"
4/29/2018 22:59:46,9th,Female,"Orange (Tania de la Garza, Andrea Newell, Arturo Gonzalez, Barbara Maiz, Gerardo Mireles, Daniel Mota, Francisco Santos, Jorge Avalos, Laura de la Garza, Regina Ramos, Sofia Rhon, Tadeo Garza)"
4/29/2018 22:59:59,9th,Female,"Red (Luis Santos, Valeria Loria, Esteban Gonzalez, Andrea Alarcon, Jose Luis Alonso, Eugenia Rodriguez, Valeria Quintana, Diego Cantú, René Martínez, Alec Iturria, Georgina Rivero, Isabel Zambrano)"
4/29/2018 23:01:56,9th,Female,"Neon (Viola Hernandez, Matias Montemayor, Nadia Fernandez, Joaquin Derby, Alejandro Torre, Maria Giacoman, Isa Fernandez, Vale Montalvo, Alonso Bustindui, Luisa Fernandez, Gonzalo Fernandez)"
4/29/2018 23:11:35,9th,Female,"Neon (Viola Hernandez, Matias Montemayor, Nadia Fernandez, Joaquin Derby, Alejandro Torre, Maria Giacoman, Isa Fernandez, Vale Montalvo, Alonso Bustindui, Luisa Fernandez, Gonzalo Fernandez)"
4/29/2018 23:15:46,9th,Female,"Red (Luis Santos, Valeria Loria, Esteban Gonzalez, Andrea Alarcon, Jose Luis Alonso, Eugenia Rodriguez, Valeria Quintana, Diego Cantú, René Martínez, Alec Iturria, Georgina Rivero, Isabel Zambrano)"
4/29/2018 23:19:27,9th,Male,"Orange (Tania de la Garza, Andrea Newell, Arturo Gonzalez, Barbara Maiz, Gerardo Mireles, Daniel Mota, Francisco Santos, Jorge Avalos, Laura de la Garza, Regina Ramos, Sofia Rhon, Tadeo Garza)"
4/30/2018 6:26:44,9th,Male,"Neon (Viola Hernandez, Matias Montemayor, Nadia Fernandez, Joaquin Derby, Alejandro Torre, Maria Giacoman, Isa Fernandez, Vale Montalvo, Alonso Bustindui, Luisa Fernandez, Gonzalo Fernandez)"
4/30/2018 6:43:23,9th,Female,"Red (Luis Santos, Valeria Loria, Esteban Gonzalez, Andrea Alarcon, Jose Luis Alonso, Eugenia Rodriguez, Valeria Quintana, Diego Cantú, René Martínez, Alec Iturria, Georgina Rivero, Isabel Zambrano)"
4/30/2018 7:04:56,9th,Female,"Neon (Viola Hernandez, Matias Montemayor, Nadia Fernandez, Joaquin Derby, Alejandro Torre, Maria Giacoman, Isa Fernandez, Vale Montalvo, Alonso Bustindui, Luisa Fernandez, Gonzalo Fernandez)"
4/30/2018 7:08:58,9th,Female,"Orange (Tania de la Garza, Andrea Newell, Arturo Gonzalez, Barbara Maiz, Gerardo Mireles, Daniel Mota, Francisco Santos, Jorge Avalos, Laura de la Garza, Regina Ramos, Sofia Rhon, Tadeo Garza)"
4/30/2018 7:21:18,9th,Male,"Neon (Viola Hernandez, Matias Montemayor, Nadia Fernandez, Joaquin Derby, Alejandro Torre, Maria Giacoman, Isa Fernandez, Vale Montalvo, Alonso Bustindui, Luisa Fernandez, Gonzalo Fernandez)"
4/29/2018 22:54:25,,,"Neon (Viola Hernandez, Matias Montemayor, Nadia Fernandez, Joaquin Derby, Alejandro Torre, Maria Giacoman, Isa Fernandez, Vale Montalvo, Alonso Bustindui, Luisa Fernandez, Gonzalo Fernandez)"